{"cameraMode":{"drawMode":0,"name":"Shaded","section":"Shading Mode"},"sceneLighting":false,"audioPlay":false,"sceneViewState":{"showFog":true,"showMaterialUpdate":true,"showSkybox":false,"showFlares":true,"showImageEffects":true,"showParticleSystems":true},"in2DMode":false,"pivot":{"x":0.0,"y":0.9549503326416016,"z":1.1920928955078126e-7},"rotation":{"x":0.2164011150598526,"y":0.04830444976687431,"z":-0.010720583610236645,"w":0.9750508069992065},"size":2.153782844543457,"orthographic":false}