{"cameraMode":{"drawMode":0,"name":"Shaded","section":"Shading Mode"},"sceneLighting":false,"audioPlay":false,"sceneViewState":{"showFog":true,"showMaterialUpdate":true,"showSkybox":false,"showFlares":true,"showImageEffects":true,"showParticleSystems":true},"in2DMode":false,"pivot":{"x":-0.006070852279663086,"y":0.6599999666213989,"z":0.6595971584320068},"rotation":{"x":0.11204017698764801,"y":-0.06256045401096344,"z":0.007067912258207798,"w":0.9917081594467163},"size":6.871718883514404,"orthographic":true}