{"cameraMode":{"drawMode":0,"name":"Shaded","section":"Shading Mode"},"sceneLighting":false,"audioPlay":false,"sceneViewState":{"showFog":true,"showMaterialUpdate":true,"showSkybox":false,"showFlares":true,"showImageEffects":true,"showParticleSystems":true},"in2DMode":false,"pivot":{"x":0.0000017881393432617188,"y":1.5131397247314454,"z":0.016342639923095704},"rotation":{"x":0.27881523966789248,"y":-0.1563987284898758,"z":-0.04608915001153946,"w":-0.946412205696106},"size":2.3353731632232668,"orthographic":false}