{"cameraMode":{"drawMode":0,"name":"Shaded","section":"Shading Mode"},"sceneLighting":false,"audioPlay":false,"sceneViewState":{"showFog":true,"showMaterialUpdate":true,"showSkybox":false,"showFlares":true,"showImageEffects":true,"showParticleSystems":true},"in2DMode":false,"pivot":{"x":-3.5768752098083498,"y":1.439638376235962,"z":-0.6712677478790283},"rotation":{"x":-0.011075182817876339,"y":0.9793542623519898,"z":-0.055883169174194339,"w":-0.19401507079601289},"size":2.9861419200897219,"orthographic":false}